DateAdded,IOCInternetProtocol,Type
09/03/2023,37.19.199.202,IP
09/03/2023,45.144.227.42,IP
09/03/2023,45.144.227.44,IP
09/03/2023,51.89.153.112,IP
09/03/2023,79.110.53.14,IP
09/03/2023,89.147.111.106,IP
09/03/2023,91.203.5.115,IP
09/03/2023,122.146.90.200,IP
09/03/2023,123.168.11.194,IP
09/03/2023,138.199.40.178,IP
09/03/2023,144.123.6.70,IP
09/03/2023,156.146.45.154,IP
09/03/2023,156.146.45.207,IP
09/03/2023,171.25.193.25,IP
09/03/2023,171.25.193.78,IP
09/03/2023,171.25.193.235,IP
09/03/2023,179.43.159.200,IP
09/03/2023,185.7.33.146,IP
09/03/2023,185.129.61.5,IP
09/03/2023,185.246.188.74,IP
09/03/2023,185.248.160.151,IP
09/03/2023,185.248.163.163,IP
09/03/2023,192.3.223.126,IP
09/03/2023,192.52.166.88,IP
09/03/2023,212.102.42.90,IP
09/03/2023,212.102.42.195,IP
09/03/2023,222.173.222.228,IP
